{"cameraMode":{"drawMode":0,"name":"Shaded","section":"Shading Mode"},"sceneLighting":true,"audioPlay":false,"sceneViewState":{"showFog":false,"showMaterialUpdate":false,"showSkybox":false,"showFlares":false,"showImageEffects":false,"showParticleSystems":false},"in2DMode":false,"pivot":{"x":644.475830078125,"y":386.92462158203127,"z":48.46234130859375},"rotation":{"x":-0.196419358253479,"y":0.3312947452068329,"z":-0.07072024792432785,"w":-0.9201429486274719},"size":1.7660253047943116,"orthographic":false}