{"cameraMode":{"drawMode":0,"name":"Shaded","section":"Shading Mode"},"sceneLighting":false,"audioPlay":false,"sceneViewState":{"showFog":false,"showMaterialUpdate":false,"showSkybox":false,"showFlares":false,"showImageEffects":false,"showParticleSystems":false},"in2DMode":false,"pivot":{"x":-4.25359582901001,"y":1.6142082214355469,"z":1.9034852981567383},"rotation":{"x":0.30267515778541567,"y":-0.003714760998263955,"z":0.001180084072984755,"w":0.9530898332595825},"size":1.4660253524780274,"orthographic":false}